{
    "parameters": {
        "siteName": {
            "type": "string"
        },
        "repoUrl": {
            "type": "string"
        },
        "branch": {
            "type": "string"
        }
    },
    "variables": {
        "storageName": "[concat('todofunc', uniqueString(parameters('siteName'), resourceGroup().id))]"
    },
    "resources": [
        {
            "name": "[parameters('siteName')]",
            "type": "Microsoft.Web/sites",
            "dependsOn": [
                "[resourceId('Microsoft.Storage/storageAccounts', variables('storageName'))]",
                "[resourceId('microsoft.insights/components/', parameters('siteName'))]"
            ],
            "properties": {
                "siteConfig": {
                    "appSettings": [
                        {
                            "name": "AzureWebJobsDashboard",
                            "value": "[concat('DefaultEndpointsProtocol=https;AccountName=',variables('storageName'),';AccountKey=',listKeys(resourceId('Microsoft.Storage/storageAccounts', variables('storageName')), '2015-05-01-preview').key1)]"
                        },
                        {
                            "name": "AzureWebJobsStorage",
                            "value": "[concat('DefaultEndpointsProtocol=https;AccountName=',variables('storageName'),';AccountKey=',listKeys(resourceId('Microsoft.Storage/storageAccounts', variables('storageName')), '2015-05-01-preview').key1)]"
                        },
                        {
                            "name": "FUNCTIONS_EXTENSION_VERSION",
                            "value": "~1"
                        },
                        {
                            "name": "WEBSITE_CONTENTAZUREFILECONNECTIONSTRING",
                            "value": "[concat('DefaultEndpointsProtocol=https;AccountName=',variables('storageName'),';AccountKey=',listKeys(resourceId('Microsoft.Storage/storageAccounts', variables('storageName')), '2015-05-01-preview').key1)]"
                        },
                        {
                            "name": "WEBSITE_CONTENTSHARE",
                            "value": "[concat(toLower(parameters('siteName')), '8a8f')]"
                        },
                        {
                            "name": "WEBSITE_NODE_DEFAULT_VERSION",
                            "value": "6.5.0"
                        },
                        {
                            "name": "APPINSIGHTS_INSTRUMENTATIONKEY",
                            "value": "[reference(resourceId('microsoft.insights/components/', parameters('siteName')), '2015-05-01').InstrumentationKey]"
                        },
                        {
                            "name": "MyTable",
                            "value": "[concat('DefaultEndpointsProtocol=https;AccountName=',variables('storageName'),';AccountKey=',listKeys(resourceId('Microsoft.Storage/storageAccounts', variables('storageName')), '2015-05-01-preview').key1)]"
                        },
                        {
                            "name": "STORAGE_HOSTNAME",
                            "value": "[concat(variables('storageName'), '.blob.core.windows.net')]"
                        },
                        {
                            "name": "STORAGE_KEY",
                            "value": "[listKeys(resourceId('Microsoft.Storage/storageAccounts', variables('storageName')), '2015-05-01-preview').key1]"
                        },
                        {
                            "name": "STORAGE_CONNECTION",
                            "value": "[concat('DefaultEndpointsProtocol=https;AccountName=',variables('storageName'),';AccountKey=',listKeys(resourceId('Microsoft.Storage/storageAccounts', variables('storageName')), '2015-05-01-preview').key1)]"
                        }
                    ]
                },
                "name": "[parameters('siteName')]",
                "clientAffinityEnabled": false
            },
            "resources": [
                {
                    "apiVersion": "2014-04-01",
                    "name": "web",
                    "type": "sourcecontrols",
                    "dependsOn": [
                        "[resourceId('Microsoft.Web/Sites', parameters('siteName'))]"
                    ],
                    "properties": {
                        "RepoUrl": "[parameters('repoUrl')]",
                        "branch": "[parameters('branch')]",
                        "IsManualIntegration": true
                    }
                }
            ],
            "apiVersion": "2016-03-01",
            "location": "[resourceGroup().location]",
            "kind": "functionapp"
        },
        {
            "apiVersion": "2015-05-01-preview",
            "type": "Microsoft.Storage/storageAccounts",
            "name": "[variables('storageName')]",
            "location": "[resourceGroup().location]",
            "properties": {
                "accountType": "Standard_LRS"
            }
        },
        {
            "apiVersion": "2015-05-01",
            "name": "[parameters('siteName')]",
            "type": "microsoft.insights/components",
            "location": "East US",
            "tags": {
                "[concat('hidden-link:', resourceGroup().id, '/providers/Microsoft.Web/sites/', parameters('siteName'))]": "Resource"
            },
            "properties": {
                "ApplicationId": "[parameters('siteName')]",
                "Request_Source": "IbizaWebAppExtensionCreate"
            }
        }
    ],
    "$schema": "http://schema.management.azure.com/schemas/2014-04-01-preview/deploymentTemplate.json#",
    "contentVersion": "1.0.0.0"
}
